pH,Turbidity,Temperature,Potability
6.918911399957051,11.464289302436141,31.988980971734918,0
6.625494908072695,4.343554954821766,24.57892704317445,1
6.241562265894909,7.156803999800768,21.963416397956227,0
7.942743013384378,9.774224615555335,19.058350820183257,0
5.912736025952221,5.8843959117654885,15.293224887898146,0
9.677663936527843,9.440341795262812,5.3778146556326565,0
6.566646003443908,8.007951756869936,6.794542670253922,0
5.183247945834601,14.913363148754119,19.054879643618996,0
4.728892691186386,12.137280665634272,7.694776551068463,0
6.195339259622103,10.277876798142882,18.25952657546604,0
9.09711924451788,2.8000753462090167,23.094723430586377,0
6.986686842695921,1.192186283096142,29.83450642122528,1
7.44306505607178,14.975505674061315,33.176950656194094,0
9.648216917200358,8.071408042701401,39.50362531469735,0
9.699885799137109,12.80075366052301,35.109822157760455,0
8.03162776332059,10.19728946423825,26.132831026016856,0
9.479052825565983,2.2938880410447955,38.617944086851445,0
6.261955825211569,14.57975913750114,34.23387646694461,0
7.5299878063798085,13.548845439217741,18.627747452651448,0
6.852840503212268,6.912464496546376,22.998277290956157,0
9.003757128504173,5.294277158991441,13.224083841017045,0
7.529307469548801,3.7065326647773595,13.56001595066581,1
6.892758161380358,5.16215549095169,38.35101377791504,0
6.185718369986083,11.962586942142401,33.814055020691654,0
6.120451397258904,13.53926187797349,23.12959551407011,0
6.64416227900847,1.811501159492121,19.6472179104521,1
4.908663642909592,0.7667193405560935,39.311872051600766,0
6.918761967247855,8.078191904221868,15.223763145128778,0
5.915987781456557,10.72459952718022,11.957301765384948,0
4.453576220738932,6.8656999953350395,34.43976181639768,0
6.873696117368688,0.6482441968165981,37.6521098777917,0
6.074256334381048,4.717041161084646,22.971201141111923,0
7.308745159015574,0.3403480211975479,39.63514331944056,0
6.089220762247302,11.182925954446704,29.759945552008713,0
9.555769669078195,12.699928350896837,31.31568172923282,0
9.789955303962028,10.227797058896527,5.938840654820237,0
4.562457566656075,9.467493889670893,14.500082258626549,0
7.923960668821167,1.8208819006854098,29.45567733998829,1
5.759366751651871,6.486462888687003,36.22436036483374,0
4.554862874589206,12.07493025010146,38.5409060801497,0
6.47880262987111,6.475550570830214,30.5083186001052,0
8.80225544735887,9.618656840904901,20.180717517507485,0
9.875913180952049,14.65162948966909,27.548700338763542,0
9.17443071045896,3.338732067637084,11.063844385540145,0
6.342068344854245,1.5453150923005294,36.75145190791781,0
6.373054867393037,9.860719985786876,23.74002251723352,0
4.52503941689416,9.815380146189431,28.00338909026582,0
8.382829349789588,5.39116964645011,23.646257064840263,0
4.664844447036599,10.88241567724007,5.587867539584709,0
8.026022571673085,4.156315893784231,22.055033217525057,1
6.230783288854141,10.11527115031981,37.18282226450344,0
4.7731850551204875,2.9987097634576347,29.83317195278869,0
4.673739551077257,12.291775678734817,31.664845461504388,0
8.131188383603693,0.21340133592869015,31.750677495905585,0
4.156329995873238,7.608741226055368,8.360024478981822,0
5.008029092111986,1.6033671171342205,13.799994047605658,0
7.62107610118884,0.8755356737443037,17.035663783414996,1
5.902998262932401,0.2596150187981888,37.33776727075737,0
5.9844212526077305,1.6333841387480608,8.2578705333562,0
9.655443475671163,9.12145882503067,6.704968879068808,0
8.65816103423307,3.793766063504197,25.782507552395714,0
7.986388985317252,12.098592025243574,13.628752860552535,0
5.657136446419328,2.8683586967067725,28.089528897424834,0
4.688290675212297,14.412473751651417,13.061685090837035,0
8.96349994558347,3.2010024156369776,24.69327787018054,0
6.371518292064758,7.794621061668193,32.984627109592765,0
9.934685544195016,0.08600593868898943,29.73787835351547,0
8.680884344293155,2.4396168442777593,5.6098721744938045,0
7.105528363881051,12.064677138985058,19.55903106658041,0
8.628922473611244,6.429446620085967,7.723885367169183,0
9.197459463867947,9.775920294154918,32.347871712271484,0
8.855509640687275,9.729658825225515,22.01627153160404,0
8.091343824612467,8.548894601739773,30.992495154610452,0
7.103338004812631,8.086201136665286,19.272267522393488,0
8.962320793265928,7.777204513258148,7.619327227162772,0
6.301784247001372,12.78095087879581,21.05531776024533,0
7.148699633064419,4.977277094680111,21.396878775260305,1
5.483545690586432,4.657587094275629,33.71764973486803,0
8.276237292265936,11.054168011525725,14.203799879250564,0
5.408712706930686,12.754145212860335,29.79952605311752,0
6.080123285859546,14.714329587347514,33.35629919980943,0
6.791221743375435,10.862533566596639,7.842539882649136,0
5.980822176393328,4.607887842465223,28.528812586779875,0
7.1297841640544535,1.9643360802878695,31.14570212486596,0
8.667392578323668,10.282409868874481,37.15013840405497,0
7.693235131210225,4.445097677015585,35.754644984015755,0
9.78783825602781,4.2026631299254795,8.068199898967913,0
4.045110252423363,10.77959176205773,12.916449918392857,0
7.707335396915582,13.365051422259901,39.110404515393235,0
4.019850195801745,4.5171544404265545,14.011562259521014,0
4.494426039023012,14.873282569649888,5.0544818628204204,0
7.720717379779493,5.1637202422299175,25.697835522305667,0
6.215012714724742,10.417216575284538,39.50139582746629,0
4.263571952074042,4.902756055662087,37.52185473697946,0
8.022658552755235,5.060572506826716,10.091780119209982,0
9.811304982822847,5.896047336959131,23.928234207560497,0
4.724181916014379,8.064714989667575,15.57381365819788,0
7.178464822104122,14.59530687167429,33.07478697703849,0
7.978438153936368,12.517240950473921,33.884884307891255,0
6.246111044239044,7.676258621693451,18.601192010954115,0
5.638361117503775,12.41272050566683,32.178445888023326,0
5.883479196770065,4.162275185565655,29.712368572617336,0
5.810216539151978,0.8510956276145315,5.138112632658306,0
7.328594474580678,1.8691820018067613,6.928823427894742,0
4.5997380994853065,3.1960541172649486,19.428037628932056,0
9.592321009230306,14.12082461497031,23.93474344914539,0
4.124376597616174,4.711355059125255,22.32689364462367,0
5.214953872868723,2.8647157655288247,6.541675771781785,0
7.59778948429804,3.409847311059115,31.913771189114847,0
7.534567581012354,1.5161100501354956,36.96735983908037,0
5.658387111843565,5.170752978212128,14.142007331831973,0
7.021127185900037,2.434075168419297,36.882294432434286,0
5.05885624999979,6.643476336054659,20.161918766305988,0
4.900844320576397,10.613779439987669,10.92249062930837,0
9.8228070049679,10.877761669300865,29.997971670849974,0
6.545407538283319,3.4535627539058327,16.006629599882753,1
9.35133340386404,12.667343154156013,34.017411360131575,0
9.43952341482984,12.798549599293427,27.301317708784353,0
7.957217887965912,8.299779768959864,17.853109326404173,0
5.158940286436862,10.472947657149671,24.959843242116257,0
7.056661354479234,7.0035105067243,28.424871427883538,0
6.029717379826392,10.284449923010834,34.95759683824828,0
8.364959313038408,8.949683743240792,17.823558444937696,0
4.062354497038241,3.332976357790769,16.833566352615815,0
5.919583158137688,13.928557112832047,5.815600466830069,0
5.17613396266225,3.7754460900028675,32.18773953334406,0
5.68957328236039,0.6290590513872241,34.96597602190578,0
8.547871302890366,12.52581657020877,19.40429264654824,0
5.512958484376679,12.865458796679151,18.78600651402137,0
4.745809804926201,5.755808178315316,22.099767999747545,0
9.747406721201314,12.524640483453828,24.11020737847305,0
8.459631493671736,14.501846352535285,7.827923610651893,0
9.974066466715776,2.59966732908897,6.948595521006492,0
9.384585130827023,1.5646227414691993,6.99701271766062,0
4.610110660558979,2.7946860692244435,19.595884302257666,0
5.214593309151131,11.03839777952243,27.849279805688784,0
4.646901585900688,14.53042486765263,23.50741860764069,0
6.673963899400501,1.5894450009332988,36.583455949370496,0
8.823486124148719,5.158051150197514,39.96858480437593,0
5.0348269918811495,13.713598982765781,15.79881730700189,0
8.120296633634995,11.57917100851623,6.828626635032277,0
7.095220702172175,6.995726199188575,34.48780590138226,0
5.342930877737314,2.4764167631951683,17.780157988459813,0
6.259415443326075,10.535567787302083,8.307918320320132,0
9.822103319804715,11.669884549229243,37.814691793722126,0
8.929645331521282,13.038015909823315,10.672916707460217,0
9.352215633123677,4.875175427187128,27.519763936228728,0
9.808165024212641,10.614502619421476,26.479774774350968,0
8.480569719865008,8.672619073522444,17.831075095044284,0
7.74658698192928,4.226663916685636,30.371456571528437,0
7.37977198356285,4.148539235154841,17.183477976622665,1
7.591303587807602,12.05484676801024,13.565589764925738,0
4.6499409953766015,0.29283930786221657,29.43290198628642,0
4.653719642209318,11.689380614793986,33.54598602264045,0
9.913089610574417,1.396574382462437,35.27079009917658,0
7.408523279823606,8.718067610099105,13.249538866980657,0
7.435413069228896,12.442860278687318,32.7869500327936,0
9.997905158040252,5.746582283343044,24.94517148430491,0
6.442003800830956,3.46047781269935,21.28506572942319,0
4.1521011796541005,5.221620979400169,35.67147661853676,0
9.334723337661414,7.784517102462363,35.89245861370271,0
4.675153175260121,4.925174544761886,22.391241343568385,0
9.488732609409132,12.008316916623816,28.41148056812053,0
6.190017521041774,11.746449003897405,18.022655447988544,0
6.8448170971612985,6.188438310427491,24.675917539719702,0
6.7579239407125336,5.866830331902691,38.719621045907715,0
8.646055222764188,9.813330189203214,12.17399218028212,0
4.135979690894992,10.53412725159284,5.091535327391536,0
8.202800254101886,0.4088678253648348,20.24560244587186,1
4.014961286115043,10.284050899850486,27.635480014142274,0
8.388389482721498,12.346751549032247,5.555566779995223,0
9.081694896451939,3.46360489858057,35.37667998183451,0
4.038093130303544,7.979924956996808,39.052010520461465,0
6.5504067064015565,2.761541093493755,38.88552336688532,0
7.110614450408607,13.857282689707327,30.494911014830997,0
7.896359433159537,14.850213177843047,10.92312480977846,0
7.826424191412209,2.1156602256130226,27.960316356786045,1
7.975504816129784,6.9414596043800705,17.450461453076436,0
8.887325111184532,1.2947794990710997,13.482041418081504,0
5.146797980865508,2.3539127340947017,26.465114323101353,0
6.029807294168281,2.3903435787789755,18.169254806828807,0
8.342608224618402,4.771507695684064,6.039118502305788,0
8.140369405723854,7.15540753036111,8.565119882096631,0
4.8773884988740255,14.163779186338985,39.27823742313721,0
7.878219439338078,11.730240909745461,27.439776877666215,0
9.890848835910816,2.573742595396709,36.84508882099426,0
6.884989428650036,0.2640523294777952,11.567675635270664,1
8.586287101687308,4.1211505757271,36.372139375839595,0
6.860497257135337,12.585653421807134,34.793299944679944,0
4.480963294635446,7.713313490623354,10.043582437475555,0
7.013100761954327,11.072604225427996,13.524310347502922,0
5.749536734725442,8.846571122017407,27.612883589360962,0
4.305048753931266,4.579234419621738,34.696849404568184,0
4.65919926600547,4.887930736521689,13.484736772632772,0
8.771184940358157,4.942535249724743,6.102861730403264,0
9.859564159126535,14.909944108318554,7.188441739579518,0
4.598199013048459,10.837405726369585,7.1643977219970285,0
7.778339410921053,14.643891376663035,18.808032659613843,0
5.530564502690323,14.028469627170816,23.727606318317342,0
4.453298943080904,0.9937624220758834,34.072960836444835,0
4.406452410806797,5.342547114408429,20.519283187086298,0
9.161285966496312,13.677200690477598,22.090004230480762,0
7.847769495722216,11.681694192174096,33.96357961187546,0
7.847456038167424,10.151531046341042,10.742053163887412,0
6.326037168917111,7.911706863570107,18.45367672326153,0
5.798725072075852,6.161926814366316,21.831852696013062,0
9.502960871888861,9.128770516695287,6.36284845696923,0
5.243964682285503,14.336686557708674,14.952664197139345,0
4.8211246921646325,7.009324813061195,7.8460830572802,0
8.489094361553201,12.183967827852491,15.351850769794305,0
9.031379105120912,1.6537437002009288,31.653728181009317,0
6.1176541510831255,8.74066627688082,11.489722294157252,0
5.836288837933871,1.5026614726452026,19.786894744020408,0
4.915466189378822,5.22585700913117,7.467432511363923,0
5.11535284063211,6.685123121335204,13.483129957403799,0
5.7743043820120405,4.537701548155353,19.65897629196776,0
7.898197654519446,12.23822348919328,18.864209923084807,0
9.219471135954038,9.472720361198215,12.066534842496079,0
7.019952390389593,4.043058969146362,33.23091054718286,0
5.789378722557358,11.380040663342104,12.307382824605117,0
9.174415358096184,8.73716747738338,32.27202550060494,0
7.244828618466785,2.385258444433636,16.50910024771763,1
4.51824447838328,4.8504057161361205,39.97689279177043,0
8.30177664905381,6.314429606205236,23.58222887195041,0
8.414775850728546,14.517563103554943,16.48972271902356,0
9.147587569903799,12.648224109232832,10.311159629250842,0
4.88061318479199,1.4947490246900974,17.390628800548377,0
9.67419325999273,1.8193777462138434,24.980003506573276,0
8.98760989701136,1.7431728209588482,28.031885776091478,0
5.091770061258327,0.49274863146002934,32.16819446028933,0
4.845903175619906,13.12926697174179,10.134530888951424,0
8.618606197979814,13.400453226983947,14.529540977520965,0
7.788246710752286,3.8362576838636127,39.714620773605745,0
5.033727410843871,2.8655825931743055,23.76232201053439,0
6.438278683936257,10.474825267753888,14.161018026036823,0
6.832410348617609,13.366426975166679,8.893962649000738,0
9.630315958715054,7.273275717387431,18.098030725612823,0
8.056760863138692,10.448881137580925,38.78368983939664,0
7.597816186985502,6.565097540978377,37.686187713638546,0
8.987809418416843,3.0642588891101754,38.95130246245409,0
5.3778407784675535,2.511484316823431,15.068417068103365,0
6.072961289999087,5.712708910912876,21.374747874566516,0
9.890644565292565,14.973176225924796,23.175044193394513,0
5.342764458123968,5.938231357374499,18.247555993926376,0
5.459044832983821,12.858372230900864,12.894907696157045,0
9.671124831307708,0.6494598346762331,25.90909969154393,0
7.074442097427361,2.9401985990123,25.419945023111126,1
5.6456909102506,12.046672235711366,39.86634505311159,0
9.082109054210594,6.449652922389669,6.117905141417486,0
7.159690958573768,10.863779271131946,13.503596026967454,0
8.458757810516794,6.391464251167508,39.712087578253495,0
7.475441520377014,14.624821374121115,8.180407905243342,0
6.823096931173285,4.774935615596561,16.213590226413565,1
7.141490439985557,11.277908446900023,31.054799609787544,0
4.742346096824147,12.606880711028744,30.09393115791549,0
6.049397024618703,6.274505582325264,17.916632226126467,0
9.495410509066797,6.893274179624961,8.17133216532645,0
9.457333554511614,1.6977715895597312,24.545704539101763,0
4.32170493238301,10.106568157742602,25.86102595829577,0
9.386536179378345,9.630825020950937,18.404791954194557,0
9.832243178501905,7.336378224108401,37.42385888611194,0
9.964764087118791,5.579785834388412,36.27061870370248,0
7.340971907534025,14.029038845653846,36.31954469138515,0
4.622138481715364,7.425988282617791,16.185764255097453,0
4.637666811590357,13.97405015763175,8.375246504488285,0
6.617054175881482,8.268140780692402,16.99137895682599,0
6.110140127233188,5.082711680690726,28.12150533472112,0
4.605779530612164,13.401640980280353,25.20243136314271,0
8.736665207894198,3.262937299837993,9.351114753932173,0
9.192336399730781,7.157408141129686,6.130751535467299,0
9.178696520269913,5.316953073386744,27.566202882974444,0
7.200012929684764,8.487230579488712,21.100559343210232,0
7.103011096105062,13.112602588463385,34.54852269872545,0
4.6556136308154175,5.592138501921264,36.65113866538408,0
4.869015852438948,9.698838018727221,6.713157028114349,0
8.676550122790943,1.8201103580449303,20.56338235809391,0
4.440679498418458,7.573639568198071,19.286823094873185,0
6.3419664788952606,2.6682035382700473,6.900892803571378,0
7.104032224588117,14.349379995528192,5.237281730126078,0
5.349372478225266,6.037973923676324,12.387376640077948,0
7.466161077766128,2.1452710563853623,15.274933626487412,1
6.180001251255447,2.849011433594266,25.846202620959087,0
6.968790707979434,12.01178633336992,10.536084636566699,0
9.047517767598663,3.054402977238585,19.613071794422424,0
7.823667920219411,6.030392410960706,38.08572380880839,0
8.459187711446798,9.259017629810021,14.207669777094079,0
7.731611232248712,11.403995563432389,30.202668738634735,0
6.333837744779004,0.33906582768460425,34.243908438606,0
8.198561001482458,11.12573009376953,21.822075793088665,0
8.653903182448765,2.2094468224314614,38.7051167112543,0
5.539842328174569,6.465827927521403,27.05310955851645,0
6.883569878978175,14.043020797809463,37.21865545638761,0
4.530657894146165,12.482029533546445,39.113704412814016,0
9.795331656303038,7.071782193058022,6.881338516311701,0
9.510869800729822,11.119039002594205,34.532420830765744,0
4.732516313210397,5.420726944877083,25.346038250644984,0
7.013265055123687,2.359765984709073,10.102714198272746,1
6.053168543246593,14.136881484800613,18.8120723599821,0
6.444001727145426,8.249950350908586,32.08560666940883,0
9.320731803310586,9.51819049211233,14.494458736370948,0
9.584250906025375,14.465255874974728,32.55380396063309,0
4.912162496307989,10.603466950467745,17.89316929288539,0
4.880948335257162,6.821617422189931,13.36469729411412,0
5.98285273758536,2.5464949824460286,23.4697734896943,0
7.866395782606143,1.3765009162542974,30.550721044685627,0
6.568350865267969,7.634137035150527,8.871321888898358,0
6.106764224999406,8.629062033679823,17.256743123963915,0
5.674174895603751,9.873506941644271,26.316286762631925,0
5.383778668148107,7.133040013584765,19.281403540979234,0
7.967152821429492,4.277590474869638,31.162412937359626,0
7.734764684634123,14.504353542923889,22.309967995006982,0
4.871255697998574,4.388539223396467,17.426215639138135,0
7.846539119400518,14.856551573561527,22.65183688268009,0
8.2068254852935,0.4508495844830501,29.365930234312525,1
9.347471644164614,11.494666075663035,14.004964536910094,0
9.992248012720378,12.056093241807767,20.390622246557754,0
7.559427325367923,6.597649221179182,17.515279307062496,0
5.634235360894014,5.0264321912281265,32.86986265187675,0
8.98674880721642,3.6195100017002693,14.874196107853676,0
7.450011889382919,12.922081322159224,29.140119360717165,0
7.596696733858735,10.85838743924219,20.95850401667755,0
6.017130126899676,10.180709027815917,21.021764262650798,0
9.65079767077151,14.067316685139062,15.53764271840992,0
6.34655308751629,14.69197888675472,36.280253319371454,0
8.374666434476097,11.159127278388612,23.558230482413514,0
5.189141486870456,9.227633789546838,32.16928070839153,0
4.335906352008948,4.870108773267346,31.774672993710077,0
6.830053688454519,4.531023575132228,33.59824061173772,0
9.069849951130369,14.39718739291813,12.533536973941633,0
7.855738898181977,14.47984706993335,18.980413796570893,0
6.022890137261724,2.519510207705768,7.043530386010016,0
5.03381657532786,5.852677855823712,26.54376991306435,0
4.800822441853982,11.1429363161289,22.244732357983075,0
4.626334837835513,5.803049146984151,13.982145385678487,0
4.7660648668102885,3.2100060943223845,24.53543639129683,0
5.648695650073245,5.04871887506348,11.421381715484767,0
9.167331265886396,8.451321708363723,33.97191407537417,0
5.931036130247645,7.014869768068783,13.956866407213203,0
5.755970312557215,10.705417371947103,31.962526518486396,0
9.032531241103863,10.976715383249529,31.98487880807742,0
7.931155011071659,10.546708405485196,20.067720971211585,0
4.20886493637127,9.495127919582044,29.53405986270354,0
6.033791902284625,13.223333553876426,24.592105891084,0
6.457305281903855,6.391946986774918,16.727599139083956,0
7.922832603921279,14.244055311137174,35.99256486362263,0
6.319686747346715,2.340388675370389,20.395583337660597,0
9.120103915004385,11.404473957618595,24.194353143961578,0
9.681305385565132,12.115516528964724,13.452993323726455,0
8.810376415920278,1.0948059798174707,38.97949174963079,0
7.8132576161149165,5.263137305755169,36.19429613792163,0
6.465873311643567,1.8643435553366072,37.511121208898125,0
4.41860294270803,12.117965619529903,11.032393200476694,0
7.569668562479586,9.749143874559266,30.8191090547535,0
9.857312027574743,7.099634017467576,18.38959524795733,0
6.523458868518247,7.9850391147779,37.47118939828138,0
8.0914103817541,11.693505581934089,25.176607201079246,0
5.303317436033956,13.907510958516077,5.8939046961962305,0
6.432945102566322,4.431091170572475,26.804434349129096,0
4.3229716982440385,13.730592198230108,14.300036523209595,0
4.167837075371131,3.3707513241074922,23.276878589192115,0
6.887200687509136,9.311052552811141,24.774439649828565,0
5.845447210601005,12.927779340318782,13.373121420356275,0
6.678472978653248,2.8207807863918184,22.849418764951956,1
5.5205180775295455,13.735387441921667,26.0547253418222,0
5.469549581450065,13.084933790017669,6.026378900431772,0
7.0484395652545775,4.181758693897805,13.39839765735197,1
6.395051487225757,2.8190419029001106,29.5509034791379,0
4.2186261257708715,1.873257640466961,28.641361597107846,0
5.152057487468636,8.302022570158098,35.07937452370058,0
4.410876683237227,11.772727302746212,14.112098852655071,0
4.9291491446781395,5.807710629691663,14.381620139509982,0
6.111731717047489,10.787488953840365,25.00805956509761,0
5.033268631705667,12.336356517072009,22.37305125081231,0
8.960573054597294,1.732211326149472,11.405912388774718,0
6.744380258846782,13.134685620828247,12.292497520787222,0
8.393975489279498,14.035692684261392,13.17215982219464,0
9.223759789365115,4.193876989873396,8.925322675375789,0
8.74348446204847,14.927270154874218,23.064768337329767,0
9.18111180383168,0.6963766829221207,38.97370197226653,0
6.795348723248011,12.343919361844705,13.795794208994746,0
4.919243532694072,2.17413003775798,9.621768721666866,0
4.792604449974015,4.8439620219014765,12.043407530176772,0
4.486502495021165,8.312125286040223,5.066626121410495,0
8.19179149646377,1.078050536025289,18.988908216455954,1
4.118225167882567,7.981965288492079,6.205320273215637,0
4.4023345274575405,10.470913912543955,6.085305395867037,0
8.369060505764216,0.3606587315850629,36.81287514248295,0
9.735037655663278,0.9502923179557865,9.459007803304686,0
6.435362231585502,6.7104748896446615,10.985223950278908,0
4.97834274501438,2.2140597339905184,12.480039044339087,0
7.765079256680963,10.949833853958543,19.491889751389202,0
6.347447142465918,13.865498328485723,8.69213612397701,0
8.511886256339933,7.750148049658565,31.99937518846487,0
4.058263637871147,2.023910611041282,22.129877323351803,0
7.772902169323859,10.69356834334997,32.29366380688167,0
4.440718131428772,9.054509399092092,25.579462708905698,0
6.903129960320321,5.100751038877247,34.18103944563556,0
7.16331418000493,14.48390914226543,10.801545138898007,0
4.773263970916972,4.45030087048413,16.696058411267625,0
7.609451305815131,7.851175192878644,14.85413995819814,0
7.599150185384103,5.948051313001491,35.4676764923433,0
7.226669388546374,10.876684394248139,24.592961092902534,0
9.303280793256805,6.815577224392205,16.465822521174427,0
6.421477612237414,10.928005537736235,36.412771796366606,0
5.304955702767172,7.660802846936767,37.32783393480414,0
5.135138103444694,11.929824054640028,29.470830214401467,0
4.998120347574122,11.33670673157016,5.977634837225342,0
6.376304215161567,14.39656487955666,11.028518030363776,0
5.490370455956252,1.858117033652889,25.03279799566209,0
6.942537283604841,3.967436576301055,12.08467278944227,1
5.405407668288099,0.5839372032385765,5.18940578641482,0
7.432065076812133,12.009327703300515,12.859813008871113,0
9.99218359212813,5.524655720899235,10.31613858937354,0
9.44112196421263,2.8117206577370926,33.46234672355284,0
9.551063624095777,12.718080671395018,29.238070286141387,0
6.525102891537701,11.611221895532362,24.367829913962137,0
9.085658394556008,7.312902985824,7.46825224802453,0
4.522484241037387,4.776442380443496,27.72790564126547,0
9.81281431807971,9.834989870845444,16.438146874748327,0
6.5071300074769605,14.752799992129475,14.218463355865445,0
8.901386893665428,4.707914815192559,15.578596173331519,0
9.914561944335027,5.895126702520817,33.12839700675492,0
7.062567503378558,2.1337926876815096,7.432083819833908,0
9.015979243506635,0.269833333481479,23.0881241832466,0
6.396211235585489,9.132086323222154,8.836848742690135,0
7.924926360803509,13.308166781055904,30.519151294845432,0
6.7831325280329136,3.2981998954622993,19.88565024469185,1
7.522237412623336,12.80302535741793,28.725451993504272,0
8.573990266295482,11.980049876034455,9.021285407281946,0
7.0737630644520975,11.176919852222305,17.606836386947915,0
5.151279648521234,2.4077048266441903,18.98882154116436,0
6.117745008485707,2.2999692728149284,15.194656348788941,0
8.286055998859752,6.1430918275462485,12.038890672086552,0
4.817421273580158,13.28504415219647,16.816817736152828,0
7.305933096869726,6.1502616437741,30.638500359573317,0
5.305837363235757,2.5971633648679804,30.174130197274113,0
8.81702374794711,11.45902788979351,5.732880487671554,0
5.167281918097544,4.512882365515029,6.366621585124582,0
7.605177278940452,10.06513705873765,28.75178336775709,0
5.401709624949806,5.368251138231813,28.327125626981214,0
8.595994361131298,14.839727575059225,19.598520800803314,0
9.09011238148814,10.160747300742921,18.736414834797863,0
4.369344965587736,14.989272532597443,36.84654745536211,0
5.792639895199317,5.329255290132245,6.66203696648748,0
6.307633713236881,6.8082620951839985,15.709784736162316,0
9.104659907023844,10.548371667973512,7.023251106708391,0
7.42575777991982,9.240238390009415,9.953874898280414,0
8.873224374761797,13.308572221479963,18.926379560108934,0
5.4803456710350975,13.870458654240494,33.34932018861036,0
4.7210789373576745,10.87478144848581,26.92103793107768,0
4.116544826141361,8.54452636435608,33.103736680079706,0
8.989506720497811,12.63484287752643,31.44971680319312,0
5.571833656513904,9.613729695740183,34.30690777970142,0
6.876127257373504,5.035618709010258,13.759482366058467,0
5.9264259292503425,0.6715577066439543,36.15738726232131,0
9.779902378921971,1.7474572373168462,20.439360090556214,0
6.6542574331908435,9.556597972615068,7.530521410897389,0
4.819703024587305,11.509158774729803,6.675039399473972,0
6.709036989914505,0.5945288103796031,35.15159753055727,0
5.936780517419972,7.929819363501925,29.80159636356707,0
7.030299572897921,4.41544285218043,28.060956988355635,1
6.326133000859554,11.579343493620406,28.018966323547275,0
9.34291270483524,6.791185449528995,27.2014552055808,0
7.362322837945569,9.422602401983946,10.37207798776074,0
4.333149641427589,1.4324102942718748,35.42880461798245,0
4.657055699683641,11.490900137891012,28.8303202268383,0
9.034275122604395,7.687390278792023,39.936090114484394,0
9.373388712787566,12.071609414488945,21.30576560615139,0
7.730437611628551,7.332156104921933,32.943469458269995,0
9.019285923464839,4.606460187621776,6.021142752043441,0
5.309613109306188,5.634888140728865,6.7476363676692666,0
9.177698820087706,11.693619887614375,29.72965399608974,0
5.114087287052703,4.026413750296973,20.94327028193885,0
7.199070370726779,11.730542994853531,30.628497232234352,0
8.515005789993726,9.76277187615364,18.893325275731776,0
9.017596274465985,4.629577684907601,10.9946451890157,0
5.711701526425017,3.14137163455496,12.941730020590331,0
8.660275770731797,5.241978588199256,17.86343934117234,0
7.5801443998469695,10.322132953166104,21.843704715166044,0
7.957328977719296,14.14931853777734,33.84750666077545,0
8.922728078433554,5.237349611041122,6.834722762174716,0
8.147550374584402,0.010147951443009173,24.48208290935475,1
7.59114488388423,4.407957476048994,17.135031479806575,1
8.811566289433978,13.02255379407936,32.49391389954397,0
6.901188474462371,8.493197253469749,32.79396700644645,0
8.915092800739153,3.5547416617533334,37.91101361484948,0
9.905879915845844,2.432152576063567,11.667532455611646,0
6.895456221348152,11.444747701981143,22.185475303682622,0
5.806152989457961,8.622485406518614,32.759694631687914,0
5.2031892401344315,10.864281908062232,27.64984982525993,0
9.485040140858832,4.220516549595042,5.657852549978779,0
4.178854124313609,9.814529422985066,26.164517932663347,0
9.157172220799477,14.268211604616408,23.629940234137834,0
9.292224704490252,10.24216735689152,19.33560903317965,0
6.730066694582378,1.5050530144998957,19.890656000671274,1
9.313592017700739,11.305556945014835,20.58692715985462,0
7.0429626075883025,8.759388709640437,7.545381319083634,0
9.345966156175482,14.165574742804575,10.863726165391201,0
5.291594336511391,14.986178251774877,11.718157272779486,0
4.382642283953245,13.442124260340618,32.01128623346561,0
5.5746838121197575,5.649721218692372,19.998460715184226,0
8.558736236847874,12.660211599803452,30.86691926323445,0
9.270341647677862,13.716815655503785,35.25749615199193,0
4.531564623335608,7.358062741709948,25.637906966996887,0
4.956523083491566,12.420506902570033,35.95659591255921,0
5.830139180574832,9.871619180697978,14.178484827926688,0
4.837889238255758,3.07019345086747,25.55234237057264,0
5.539124889192144,3.998178432504015,31.15943294253805,0
4.071376919605959,12.968617000069491,8.365948638550325,0
5.830733480552364,10.36101918943053,5.181624963958408,0
6.28702887911874,4.2588632241880395,10.05149400190113,0
5.354636425714723,10.734900634381722,10.600681014928982,0
5.076179400272343,8.461043744018957,32.5526978433908,0
8.190348744045068,10.918881816686074,26.83245642097181,0
5.295984519720866,3.4453676061159944,10.853732521612068,0
4.587299004972472,5.051525763892851,18.255085181304295,0
7.146717792539208,2.6798518124984,26.99121708805558,1
6.734943950741713,1.1004059329803466,14.857959652496403,1
8.314475757327886,4.124433942666487,28.01786964044391,1
9.803029876872994,6.898646399824168,27.58177112898207,0
6.839748130464063,2.302756308283878,39.986887099830334,0
9.779615865235103,8.206956118971505,6.866878249643165,0
5.089681231941316,9.186061939925642,32.497709066064274,0
7.200322267116425,0.07535865232023764,39.36612040518939,0
6.078522865905176,9.720879577378973,18.484711341787683,0
5.4049479864354755,12.621143408615405,33.99086926107523,0
6.060862532219732,4.905395157796269,37.958615910584165,0
9.716724197223666,3.248536579214183,32.32238678447351,0
5.190202908757126,3.9528164658985476,24.416965404183742,0
5.712461732984873,3.166645500870713,20.048845724620385,0
8.568852455756126,13.058403896279188,30.49153806212725,0
9.412776818811569,10.925938812016428,17.889788759624608,0
7.06913685874161,11.718512685633245,6.424393830730645,0
6.88330295293335,1.9657025778437647,9.441976812321998,0
4.615392688904614,10.902263065075648,30.269861014256573,0
5.557056304389387,2.3331884838086387,27.569505369109574,0
7.095899121569811,14.011975140226053,28.62355817518711,0
9.598742814443048,8.52547554782491,39.562701346269634,0
5.366154077159023,0.6750021470794232,30.121765611002907,0
8.925563679791615,10.83502621657045,20.809456433499644,0
7.1428835666575745,6.814924940853584,19.24299953178263,0
4.548470274506819,14.956942684498502,31.375932210770905,0
7.466198840472643,3.960137986271151,36.307868838141815,0
4.010015548106065,13.700249785458864,38.557888017638724,0
4.50817046978033,5.501789901954196,31.559090442338615,0
7.748159493521538,5.709987694598774,31.971975662518698,0
4.882644971196721,13.661414914060236,32.863179348819685,0
4.217969233201716,10.92449935762161,37.40996998796426,0
5.981030169680306,6.886796710673201,20.774551022004232,0
8.762466807160152,5.491955058992369,22.871635079303072,0
9.899090427814205,3.944495994280386,22.055906325997473,0
4.987782107868527,11.0635056882155,37.1696837614816,0
8.129145548009877,5.972982074240228,13.209321382694986,0
5.81030083827096,11.490709751396544,39.06523637223875,0
5.057392712414441,2.0623068749860134,21.23853126597203,0
8.73098848178925,4.623173914859837,27.425322171603675,0
8.412566938885073,10.488159480491088,30.490456065889134,0
4.66380418824184,1.0374706874618123,33.802539773764174,0
5.475203623966911,11.200325418001798,26.606888576556656,0
9.190432483252627,9.084642901213728,37.61372117793801,0
8.656346320220475,7.497736994941848,7.266285814614767,0
4.321221500250119,13.0964545360895,14.032292397181482,0
4.152752717694686,6.135567389294005,15.957603214257997,0
6.2359049134313445,7.892710879881119,21.456189834045407,0
7.085472577511252,8.243758546544468,13.519805743004211,0
5.926237017276499,7.63556755912582,22.459942247976386,0
6.354720997451313,0.1351818801173904,19.584828107308734,0
5.899601897129709,7.267423983220517,33.69527075082368,0
8.350549760938083,3.0086529922120193,35.884837991545425,0
7.924117910797326,10.927629937343715,13.417351052008401,0
5.498236797239813,12.06513145637063,34.5682585743898,0
9.369155678122382,2.5928326055074935,26.12824944923635,0
4.221793722255062,11.354684515314247,27.065007914999715,0
7.140816543534617,5.219621210168452,36.38128016956287,0
9.003487957814198,4.574791389099419,27.6721745875494,0
4.038885381321168,9.582330344637151,23.031283920147594,0
4.8396052956480435,12.385983925589128,27.676782389484025,0
6.339246103615748,8.729229365582786,18.360963259659705,0
7.666720783280737,1.7010561619612707,35.74823970877838,0
6.52701236353046,12.992963898211135,25.366845569115544,0
5.909279580014687,4.0706519722841445,8.429462102690813,0
4.232482024979763,4.908178346601879,25.967187296840525,0
7.8957168059664244,8.142775621238277,28.948844322813823,0
5.994072455986511,7.604156021400801,31.833563180736668,0
6.158216560480978,9.269973745844716,10.955899529028166,0
6.432347251955253,8.85651840201595,12.247574852735521,0
7.80726691780925,7.180141303600832,39.54830298380135,0
9.08357029638147,10.076340319225004,16.6349819913169,0
5.408089852203741,3.5238831509825914,24.88778702263575,0
4.165366857314039,6.689163444358072,20.43267234949269,0
6.3517099122599605,9.642432866575184,25.66881367520258,0
7.617355733471817,9.515507831168401,15.750330804190003,0
6.547431616167829,4.361708305568923,32.00533222249701,0
8.21226169928512,13.253095232410105,10.442012485011684,0
8.993847161358326,2.7156448292491273,5.681193794443301,0
4.075756686891001,6.6713297760422,19.23534979052843,0
5.012006217785209,10.826298791066833,35.19989279955108,0
5.1341834969547175,11.467808825614707,19.688732190919477,0
7.396976015908702,14.230669033496227,23.84525315224022,0
6.804178279917941,3.6250271964243197,16.284886389678448,1
7.675699767256111,9.81215419510174,12.519904801924067,0
6.156781724118261,0.4537626776891335,30.019142475201093,0
6.429079271912053,3.505741000438989,23.271870920859243,0
7.739471670891288,4.076709974434877,15.801306963231875,1
6.959800416102743,1.753275552850564,36.216859555132565,0
8.61462811474382,12.491095536476427,29.61623463515144,0
4.207742106346,10.566002327604663,15.300930030435255,0
9.099694565952401,2.6031423888234833,36.56208945108757,0
7.971869641717556,13.002756064073052,37.61838818728375,0
7.152545089816741,10.848302067615423,21.429182890057223,0
6.75538739660533,14.874478001307049,35.87011454412284,0
7.9722208647434485,1.8190986265969722,7.780887466084898,0
5.86844777467188,7.150597214804523,23.685707894350376,0
6.097359437595154,4.264683733673239,22.38487337830988,0
9.08953274612017,5.111397832342099,25.938029714109096,0
9.637238703144613,4.9401442461675344,11.781407798819458,0
4.217702889280371,8.097761712943248,39.64998260363755,0
8.322187096908035,7.35037121709666,22.725904732091426,0
9.434571008245289,13.118733085452202,23.251879335232367,0
6.173696961542091,12.751151298621602,34.66980099544162,0
6.8876239894965865,0.6453368251614428,22.730140049233743,1
8.921409203516042,2.806894777751055,24.078105663882393,0
9.994503801505262,7.409872886953298,28.856433002281776,0
9.29951440987141,6.135148466539991,29.20937586210008,0
8.678996764727643,12.15911579867881,9.208690917069841,0
6.6198703066534135,6.818561966302507,7.504909519945256,0
9.38794934778727,5.671613125856899,25.487057151818856,0
7.838469165881684,6.677394959039401,25.036669721649865,0
6.763770372666101,10.038926436426278,15.716312278965429,0
4.216927225382334,10.789906019635328,30.567865725004037,0
5.431929493271086,8.822017501783757,20.26518592209232,0
7.537113104922486,6.513935345520325,12.336174877004018,0
9.109370098553326,8.844412780374336,20.206126720330637,0
7.225251718523037,4.576899810004606,15.608892755156056,1
4.66880605309523,5.4226728876046115,23.524160835143284,0
7.32472758409846,2.320576341711262,36.60582702740246,0
4.888468529920576,5.225444647681972,25.13609170988179,0
4.619617981550363,4.6794586575821935,14.332098927710113,0
7.544305234347605,7.548796605724431,21.912089202984543,0
9.05517320929674,4.621355683423362,18.89278707582849,0
6.312348183378403,4.219376464282293,37.67395771169103,0
5.675864903968087,7.736436836765636,10.691736856859627,0
5.967824131914205,2.3047484654684727,27.789965857271476,0
9.93753130850138,5.712386772946203,23.233986826591302,0
7.480768225682692,8.95119738474372,36.83254119342264,0
4.224800524598518,2.9792764681813515,32.099692647814585,0
5.806971102431852,10.176882062421564,24.410781389346766,0
4.531344258414258,7.940474215135628,35.20748050557617,0
6.343175465221199,1.0471987051769038,31.555337394946072,0
5.965342684557097,14.022844972530995,34.94991968631267,0
7.116124893025957,6.476153350174896,13.679737711561778,0
6.484753787814834,8.890225063718407,23.332969941405096,0
5.776726399741083,2.905273223349445,14.583576244668324,0
7.714365226057761,5.473654675209803,11.458285562352142,0
4.7456581778656055,0.6469153424429225,24.15858526054929,0
5.774324588171962,3.218495877820158,16.946754161749805,0
8.730330018847418,1.1795777109278027,24.090622566158444,0
9.532718867613859,13.870066871622518,38.881667097552565,0
7.267494113512409,9.032344507159278,5.481678589492248,0
8.150547415710323,14.666092345498804,23.839371718728348,0
7.255117303856301,1.1694077884948677,39.43994706250623,0
4.706951082983741,1.0016048597069922,10.517102083006371,0
7.007588970674603,8.317853417411834,8.445447051870136,0
7.835253830431102,1.5133576840105518,33.15685062411346,0
6.376168410367474,9.75787976296609,12.326854173883723,0
6.79349675173245,13.869524775906202,37.59588078872167,0
4.066431111649527,3.3932025867179707,23.520333917918087,0
6.347688524616538,12.515355904568446,16.64625277710275,0
6.8475338815323115,3.534696516234084,6.696407599328257,0
4.580698341670351,10.16691246642791,18.28415547792025,0
4.792516606622545,4.459617618100781,29.4328611404056,0
7.442272191495386,3.7668738494711484,22.290105052187613,1
4.155766236090203,2.685295454744887,36.209235896355324,0
9.426526308537433,9.587261256908874,23.002789057047323,0
9.342036277967075,13.655429119834832,18.089944171820772,0
4.874970097441599,6.873065278642111,39.975456700280475,0
6.480140523702982,2.4811371238035402,36.165001899502776,0
4.186957936739009,0.2765819854250584,15.427224699902391,0
7.3797831248065995,2.7657605087030563,14.789521767831136,1
8.465096892780762,14.687252809178633,22.87115527055181,0
7.9929276131477085,10.14730559495712,33.990503578441576,0
8.392700422946639,6.741672262093839,11.667787583657663,0
6.772284659656411,14.160052447942205,18.485235602577394,0
4.774923839319927,14.5704369298839,27.358822475460848,0
9.50157029986411,8.339763428657768,33.07255057221877,0
4.842923536111136,5.034259692451099,27.082265809339,0
9.151905044143518,5.308233174448359,10.175471612060207,0
7.218452106722841,12.673572600077973,9.296880484702617,0
6.5331332106527125,4.971497894528908,14.452253186208534,1
6.840629945355965,11.76186599512551,37.32070296660904,0
5.887063881082883,12.826375278507218,15.956385321254912,0
7.948371880036744,1.218577000383803,11.105407284100767,1
4.678111429278978,10.165712523499247,26.00960432865188,0
8.286193016841127,3.50014961494158,23.318148631496157,1
4.728721195160692,9.351608065678953,30.213089659490223,0
5.948832269869528,9.163895351709423,10.35431589292999,0
4.850221877995288,10.767716791781837,34.4495258544777,0
7.106863936822621,14.72780503101472,38.66101936695192,0
7.384121482769903,8.751182832773157,7.5972218905283215,0
9.322528920859414,9.325013230892695,7.45136799773895,0
8.190986595944409,11.543951283987232,28.51093506882934,0
8.92155736077165,3.1221458693150077,38.07752125688319,0
5.597778579578508,7.4734055523721326,6.255237377365442,0
6.827752613267391,11.557810275410418,36.82092613756865,0
6.7981010242465905,0.04304960433587579,6.564694894944864,0
8.427261406765687,11.224847668785031,38.98307019991336,0
4.470013836082874,11.50807888713822,5.605430594324655,0
7.905598250759573,3.8841667856998594,20.000481083214424,1
6.162347256018182,14.421616767585308,28.072062483859455,0
4.019402129350798,10.03812064159426,18.633290365607312,0
5.837224276251714,14.14320056951705,16.92529936967472,0
8.53764677495928,11.479146582686237,24.11850582272507,0
7.3978745751657025,10.581246676574812,7.4036447766750335,0
8.42252115112411,12.155130500028047,31.325331488088462,0
5.360339048112494,10.307749512758841,21.253451432086493,0
9.102943897107242,10.612564649074391,8.451821409088817,0
4.691674352377679,10.683932338086885,7.38927095719023,0
9.634912318919833,8.832979622595266,27.380064823029088,0
8.27135690541731,4.76604803615376,25.77358445428386,1
9.22705938973262,2.729334544162332,29.72650483199366,0
5.734035943754114,13.52394597231209,38.7882287082841,0
4.666971504194525,4.2941927736536885,27.28000722782764,0
4.119731291171643,8.451858570817995,35.99911890465795,0
4.865986415959619,5.619732299765637,9.96943569422888,0
6.712633304792407,0.05264146301521111,8.482152147984507,0
6.700088026729631,6.611681886014579,27.13519503657641,0
6.063368590778714,13.186141888542098,7.76502854229383,0
5.187650188385339,10.419906971641149,33.23959338369133,0
4.104886812028844,3.333513738232952,29.020954911819135,0
7.2328947663748915,11.019800170433307,13.096770285763878,0
6.797295428186216,10.15325067842006,11.91822352305491,0
5.217400296568667,1.9206640079724646,7.531233873187632,0
8.245561765145714,13.051404929546543,9.324218457874453,0
5.061435531904646,12.277236407904008,28.89729217491425,0
5.8850388263660465,10.845120328977892,20.165910531091413,0
6.278199618073315,1.4609592749037255,12.585270239597149,0
8.041157625181787,14.807034344748741,30.754139894188917,0
8.405279323128227,3.8707874738023795,19.520104744833304,1
7.877118101646014,6.334743995814068,23.46046286745702,0
9.795557509187574,0.8464975171299388,18.56515716345219,0
7.202958931758515,12.6080482373838,19.498726751805794,0
8.067497740758787,12.18318062675584,35.763893633441285,0
8.724902667474252,4.138799809369794,5.013578218545563,0
7.138285728961899,10.043257841721573,31.68331459369133,0
5.265131011458756,7.717917271983009,14.7298949768827,0
8.501624899756104,13.127898384514964,8.974040328927169,0
5.782180609184959,11.524231995196772,13.52577700348761,0
6.415612326218309,7.25099510826942,5.781471836255841,0
4.242092721929584,2.27275743470043,36.117757195067504,0
7.791096057666686,8.632751600466468,9.005777748693905,0
5.348668842823333,10.385874828451456,30.13640670323723,0
4.04354763375256,9.93135412282744,11.847760672067565,0
8.228170678043725,6.913499389357766,25.943339046169466,0
7.18742594547491,0.6623488767470753,33.016287058019216,0
7.824871294711832,4.096728616334808,27.32946544178221,1
6.6477144251042395,13.426492014574247,31.726034916912273,0
9.840201829304299,4.813947651002517,27.15654037066597,0
7.092542771724699,8.554293322753358,39.082789258548765,0
5.443877309363635,7.392901702623582,7.375781154623374,0
8.94429295494742,10.483633206087612,28.744957360149947,0
6.733530194775783,3.1423974648158253,21.96506120131429,1
8.217981986053058,0.670336678582446,6.265465916068697,0
5.623039131639486,4.298629736080283,30.26184621468441,0
4.136224604810904,13.160824223586767,15.00180807443163,0
9.092181400637113,1.4734435106847554,23.14571897267071,0
7.474882331390841,5.692756771980229,27.56895955097154,0
7.1662993746532155,3.490949209667662,12.539253388007689,1
6.459517936226051,7.49694448047652,34.75200109834184,0
8.48491940473296,12.551157026413025,10.799822413808451,0
5.790888441044653,5.791107931699786,9.650604810156048,0
5.432969556539172,4.994928840427218,5.24900362016455,0
5.63135097446731,8.795650790900474,35.46981284540901,0
5.67794937120024,2.131339071097123,8.539216098134155,0
6.771787362457324,10.661579539920613,14.376150471738956,0
5.756232846455569,12.576781506226693,11.787225599717532,0
8.541840858727248,2.889291893580644,37.42142836429755,0
9.625485378405664,5.256448674803288,21.992061990798685,0
9.868862962784807,10.254906075300267,35.88040159232733,0
8.48672887591739,11.130771375301135,25.496421384604297,0
7.987235570083962,2.284116263504177,25.520026165421367,1
8.927244950315968,9.79423077262562,32.351444088508615,0
9.028939848083217,1.3716554761374518,34.10299685883504,0
6.415517664833779,12.536029396763526,26.05491639822935,0
8.658426267098424,2.7410409829862123,14.844034551789553,0
7.170369448664605,2.7776184102340435,14.501010931770397,1
7.2757321065387215,10.174112433355559,37.75486036177965,0
6.7957519500371655,6.596103414440316,30.7386724345047,0
9.627198587722432,12.055734179876762,6.971130126482402,0
7.128597066045847,8.119903317816249,26.815635497568042,0
7.537508021239886,6.438313381480649,20.73964669263691,0
4.028519985928103,0.1275434376246598,39.564680954946695,0
5.69979375545939,7.037689704466585,37.94413100517565,0
8.832597047043048,4.924683312629198,25.7215193708674,0
6.497779646077282,5.533476656221102,38.9126613551422,0
4.1238956899639305,3.476134955478471,35.65938868748093,0
4.221438489615862,8.125886097786346,19.76870550549542,0
6.035274846962619,1.7531053049676544,10.915347791098707,0
7.937159803619839,2.6409889895641077,39.63965666615574,0
4.399255046622824,9.147726977170995,18.609092413423426,0
7.194462731615628,3.879004822249757,22.511252979780245,1
5.013778759795178,4.530028843035191,27.44692773684057,0
8.34225692175257,3.6620854009522064,7.70261728212978,0
9.676941176665581,3.480068371651337,14.080854633584567,0
7.108048387253573,13.975831925572287,6.331413228779536,0
4.569406324639551,14.776505501964026,36.23547249576181,0
4.9758223446355245,4.379567938923591,38.41491179181176,0
7.115800456935241,5.646694305436238,30.834600949118318,0
5.382802121933175,14.057705412209906,27.12566185645583,0
6.00410196679859,5.406536420311682,37.694272506372435,0
6.577329446456095,5.979451738906448,23.256024506293627,0
5.662789061276857,7.772652040579172,14.022884947932969,0
8.892556478104158,1.1755090510267718,39.38407468750204,0
8.990204647133371,11.943935690384496,30.654013267665082,0
5.064710468171189,9.99607564458722,17.57880790212925,0
8.29697010590219,2.6437081458043092,29.958295592420086,1
6.28654344810918,11.882759294440332,27.759425402501943,0
5.442999496568869,9.972089062617759,13.29661930399942,0
6.464597211437634,2.741664351173034,29.679709543114104,0
5.5372465691293815,1.7595024917960023,7.9001849602060545,0
7.210039672709048,10.270327221029001,7.466420275039779,0
6.37081690500892,13.748638784856617,21.1326861442311,0
5.114299977433992,1.6575851365040206,6.506402587683491,0
7.155212705548514,13.447180272112186,7.310690705003335,0
6.87770531109852,12.213532060151772,17.41857505645841,0
6.707399905913738,9.131967434082561,24.31508425147279,0
7.554554426845147,5.051037068814063,10.484381367142689,0
6.180106597221686,3.1398144414483915,16.171043127501278,0
5.999527275395402,14.043850238202538,17.29073806647793,0
4.102098534888982,10.68124184540913,11.096574870342753,0
8.738397536209419,9.049453475872282,20.589810087454797,0
8.907779139870359,4.864327882035506,32.998758091541475,0
9.257321040924158,11.463001940538714,26.68845667356831,0
6.48794865851644,5.577715710173513,27.426199902948433,0
8.816258168639393,10.293409527553246,38.3655536191504,0
5.26580243459039,13.999386422289044,24.93452672743641,0
7.248128945028709,12.522912948097344,28.12665253384772,0
7.0136597097873965,2.432622919764624,21.818100594475307,1
4.536277009161274,10.856834414782524,38.300749408138984,0
8.071205036294947,8.844170739860402,13.045639144593387,0
6.544090511783165,4.977907578753639,7.049493562025836,0
9.271043732355633,14.939059756912831,11.99217684727892,0
6.986140879454198,3.4972188223983474,30.63531795370953,0
6.663144194241836,3.1372491637767337,31.506474267001675,0
6.557790541918871,9.516489359171922,22.183998707410968,0
9.398049026482033,7.45779462471009,17.33516885186531,0
5.517675170307191,10.891850715434265,15.74850032736343,0
4.828954951433169,2.9283957533933966,29.932834693030728,0
5.265583080995287,13.260186999042741,15.269570866494867,0
7.852075017424891,11.476786516664037,13.57452825718169,0
9.465493534210689,3.94942933032034,21.359909367640373,0
8.998444907270454,3.7200072789033767,14.245359114001264,0
7.850984867834618,11.642454885531832,26.875354084840026,0
5.143231633525378,10.2333855985895,24.604528594078683,0
4.066698032074797,7.711080933604109,6.014723426108422,0
8.776933540262684,3.7177235791690757,25.494397627551027,0
6.1105740766978185,5.461052584933968,7.431693219295967,0
9.222243820081346,9.473866917563406,23.028477078551354,0
8.560653267874601,10.161814754166102,19.236968168550042,0
8.569477145570396,12.39424957814173,26.460604429011923,0
9.107216802537557,13.835010280839942,10.635636017242083,0
7.839414869918348,3.2132008554687963,19.9574933664447,1
9.638569004065406,2.7021470864523085,26.492720237247035,0
6.728824039653863,9.638917237243747,24.524242022016185,0
5.918629369667428,5.056267055161652,18.488236555090033,0
5.363691484436471,14.132988679826472,12.528198468892924,0
8.521511137013153,8.970705639489367,39.418537569191514,0
9.171289698134611,10.770334595857195,7.290163420570144,0
4.819252767809356,13.452327087118825,22.1626691324488,0
8.903395712827322,10.026030924254055,5.271715151904867,0
7.373362054431561,12.407345850551584,6.631453595299411,0
6.091203092705019,8.262532330308774,13.745624119424441,0
8.896040849405209,9.683372765329004,39.12792631191829,0
4.9925901947776925,12.233081771277377,27.34438369899325,0
8.717847231974932,12.009495778532058,18.8893740543332,0
4.144353589239649,7.268404083545445,10.304305509699418,0
5.699063069998288,7.827968493713449,34.457208715505075,0
5.038419205725356,8.32569776754817,16.400053196402595,0
5.880824867450967,4.287390111315745,14.637553920082553,0
8.70601249417393,6.844284337894485,27.827244044799414,0
8.538250502604479,13.064795864792977,37.59574430313693,0
6.083774156364067,6.528900196453871,38.46668902351682,0
5.916653530545893,6.821683052327291,29.793168319590325,0
8.838074583216594,13.394397197984963,33.89122920608144,0
4.011583840671398,7.327232829396725,37.848427543378826,0
7.240885199146803,9.92922245072483,24.562409858670158,0
6.778883484953386,9.117245801122916,38.71501378017201,0
9.151015494594567,2.8516757022460615,17.17289558600155,0
8.456925255878462,7.646922117830645,22.755016438698128,0
8.16607967110254,10.71988441284893,37.09469837205094,0
4.988230490870913,12.13591811557611,13.818070022963035,0
4.483810307264525,12.122472671592753,30.61469696241758,0
4.773608413359001,8.125417842274704,22.213864099519206,0
5.731664292646158,11.91750594961865,20.823644541781555,0
6.671788120968169,1.9186377314644272,20.220200357381934,1
5.893630713023558,11.394176801130422,9.593424860672734,0
5.453023281221636,6.080415376938847,36.59088451954777,0
5.480156921146957,3.3708175523206174,14.583147467286341,0
7.280783659912866,12.950939165613637,26.7923868695692,0
9.455404173486027,12.149473592694251,12.547454737241146,0
4.0798923283451085,0.7011283590668999,30.892172474413552,0
6.773542840960487,10.481767916132481,8.979720589434836,0
4.219127137026974,4.072727693298896,18.708864363766466,0
6.996723976196274,2.6905569989927223,18.510216102648137,1
4.638492244010171,9.261035916769092,36.86263141057882,0
4.486062010031405,12.88300044555883,17.23871815282346,0
9.102863908471146,11.878960814696303,11.352053354834108,0
5.778451951065058,10.583989941009353,7.100191963876216,0
4.713263266068679,9.90722837918026,9.558119404350125,0
8.051574966069166,0.8345637871623585,15.778808000907683,1
6.3851047048404075,1.9932654793117544,32.03347956942899,0
7.1818368391347756,3.8736157096171557,13.014187825087799,1
7.872635566264565,13.632124940465843,28.741150561140927,0
6.842862526032588,3.6422058329377576,31.756020873194807,0
8.951954280968458,5.856855993985578,13.246483770797806,0
6.063138161657677,6.376336453513901,10.54973191889885,0
7.335510148194254,5.238229850269159,22.249092641466213,0
7.305233931048711,5.712614525862006,20.23490731583454,0
5.262445491035899,11.567667918318648,15.475304441666287,0
6.975216237926927,13.664536784074217,31.138625775960993,0
7.676968262400352,0.4440615708272977,37.882811138080434,0
8.32601878774969,0.005567160804682003,29.598593089523664,1
5.217358749652355,8.746312885436076,29.52195762234354,0
8.78838666675886,5.556320148580026,5.619661877204055,0
7.476943731180365,0.6100287397910281,22.2718850335519,1
7.601152071871395,1.0681197977275554,10.035229475991002,1
8.498304365024715,3.1935282072049,26.983265587469123,1
9.721608053602882,13.287269074418463,27.388508733729623,0
8.125043422596024,13.7003648326934,37.94228005630294,0
7.478854466318593,12.038420395441259,13.262637904133323,0
9.783588755568841,1.4663804647213148,33.87468810132374,0
9.063155978276493,0.7184887880355856,26.149171181657575,0
7.930370681658781,5.197378059256476,20.61866081561602,0
4.1213343238995845,6.325123860584224,36.21232876596686,0
4.602346603580382,7.922063060309058,11.728667150179664,0
6.85085710228466,8.696639294796295,31.269278500473494,0
9.612240595852603,3.088686859844251,21.991596830935425,0
4.533756042028736,4.192358547441585,28.20103775462381,0
5.788649435338564,9.063879617343623,11.190721614382706,0
8.1011434429684,0.5195457946022114,17.07007813123454,1
4.464465837552704,0.5126274993610608,25.707968197262037,0
9.210716652520269,8.629409723459151,5.518025539361888,0
8.299690639240422,4.866647012454485,5.376905366744148,0
7.525474585725486,9.910781988247212,34.086700552206935,0
8.693969755700287,10.927528386555752,29.2690636455317,0
9.05433380751482,0.62131282077723,35.31332938082299,0
8.36502345779288,14.984794357400006,13.122539370623494,0
7.625994866706173,10.662821584556262,31.87157715527801,0
9.416709919040837,5.8484547516370675,18.796546749671744,0
6.058488322288753,1.0661947874863764,26.590523779121792,0
9.865281900839992,7.19420087216771,33.50311897979044,0
4.745702846533987,2.441765919173577,19.771732404458334,0
9.700836027220305,13.321003017768724,15.482821094152998,0
7.654853489261406,2.1931280930764774,23.178281343553518,1
4.2619063664586205,6.170133618257194,11.394938031392819,0
9.842361205199644,5.219213955876257,38.54298588710803,0
5.32652738627189,12.829834086127065,7.093148050034001,0
7.619452226306047,2.536907076551338,31.178089665654905,0
8.588244247614101,12.83125760893026,33.20370575199003,0
8.474820965578822,2.9814370165990702,13.02088341412398,1
6.454229485495431,8.076770860776321,34.552579017118035,0
6.077166808938815,4.541735731817834,18.73199467601458,0
8.913445037188895,9.01118106961461,36.33461486474367,0
5.610378281936912,1.2237872200976492,29.790531667634188,0
4.020615151977164,5.311718531986381,30.913645460597934,0
6.46657082468767,9.66452360909932,14.862782389783444,0
7.3900734321585855,6.249332650024742,19.089681784281453,0
7.382614827085195,8.736590501931202,32.72680339995571,0
4.374314248230838,5.929143620525292,24.946439577369475,0
8.567600846543352,3.6898097391571745,8.418774836547586,0
5.35012106178487,9.385860416530981,34.55028134815362,0
9.770428318062287,13.136938905338063,36.87746024035655,0
8.505757371804373,8.957520277581185,6.201763497318197,0
9.80719211573724,2.634137075946623,8.336678531694213,0
4.66476546894531,2.6146957621695535,17.634119761798267,0
7.488969638103892,2.128728882615426,27.669653662976362,1
8.214326822252435,13.539074023421456,16.182518287717556,0
7.6272419612344455,5.41827589715326,24.2737902061171,0
9.66945709499138,12.286322090580505,33.870826949401,0
5.1847744780635825,0.9382204386361565,29.911208163348878,0
4.858319120645485,14.567080446345592,21.801734573741445,0
4.599834030093546,10.013831257860868,32.51941540967546,0
9.069547029348836,3.590211784021426,9.73145338568926,0
6.682770536781823,7.931760796333006,21.03949364737176,0
9.370198870533013,13.27460306703548,22.16871496387015,0
7.748033145266941,13.556464334690416,13.265858939295276,0
5.019757183421151,1.2476494301716023,20.19208281799491,0
9.478609576926626,8.727210565802306,21.61713335879761,0
5.866568674175133,14.524576145323456,9.752007721774806,0
8.09645911372413,14.159973661004164,36.90225577103364,0
8.795288221579042,13.121256232439933,25.814409908476605,0
6.6437078997437995,13.953216459801913,12.400957969291873,0
4.626468558169887,0.7490406522046517,19.51150941757972,0
4.490100877606626,12.410378582464327,20.213857407254956,0
7.169923308209856,2.9514197582685635,8.360059029684013,0
6.315263687830442,0.8006110637302011,39.025532127750154,0
4.350044424936397,8.692203515242905,13.910454576896832,0
4.281997157482251,5.56119300314927,30.75829573076703,0
8.17600377838821,14.881844963749474,13.162706407133877,0
6.3684961235207505,14.86713160654574,32.48539105962932,0
6.894727227424488,3.7923792052769745,20.98935700408223,1
